{
  "SPL": 0.6082018531884594,
  "shortest_path_length": 5.924096836915844,
  "actual_path_length": 9.740346573853966
}