{
  "SR": 1.0,
  "confidence_total": 0.9566097259521484,
  "confidence_detection": 0.9566097259521484,
  "confidence_vlm": 0.0,
  "confidence_memory": 0.0
}