{
  "SPL": 0.49550902577763367,
  "shortest_path_length": 33.803131978855205,
  "actual_path_length": 68.21900353037124
}