{
  "SR": 1.0,
  "confidence_total": 0.9623159170150757,
  "confidence_detection": 0.9578208923339844,
  "confidence_vlm": 0.0,
  "confidence_memory": 0.10656940937042236
}