{
  "SPL": 1.0,
  "shortest_path_length": 5.66005579077045,
  "actual_path_length": 5.329389634317595
}