{
  "SPL": 0.28487654542674995,
  "shortest_path_length": 12.626978931270711,
  "actual_path_length": 44.32438940297904
}