{
  "SPL": 0.9640724958917263,
  "shortest_path_length": 27.431409791734964,
  "actual_path_length": 28.453679478079156
}