{
  "SPL": 0.8489843724885143,
  "shortest_path_length": 27.276960316407152,
  "actual_path_length": 32.12893099133715
}