{
  "SPL": 1.0,
  "shortest_path_length": 8.130660768472033,
  "actual_path_length": 0.5961078006191393
}