{
  "SPL": 1.0,
  "shortest_path_length": 2.7386661235090157,
  "actual_path_length": 0.013951494615195256
}