{
  "SPL": 0.3031843226621225,
  "shortest_path_length": 2.423067917192249,
  "actual_path_length": 7.992062043038376
}