{
  "bed": {
    "SR": 1.0,
    "SPL": 1.0,
    "shortest_path_length": 33.70032709697106,
    "actual_path_length": 26.53595437017863
  },
  "oven": {
    "SR": 1.0,
    "SPL": 0.4393863957984756,
    "shortest_path_length": 16.226071442338206,
    "actual_path_length": 36.928934526639935
  },
  "chair": {
    "SR": 1.0,
    "SPL": 1.0,
    "shortest_path_length": 3.4625973004259496,
    "actual_path_length": 2.4445457619161943
  },
  "sofa": {
    "SR": 1.0,
    "SPL": 1.0,
    "shortest_path_length": 5.703791781136111,
    "actual_path_length": 2.980120322120995
  },
  "refrigerator": {
    "SR": 1.0,
    "SPL": 1.0,
    "shortest_path_length": 6.605737055813737,
    "actual_path_length": 2.2106864471781074
  }
}