{
  "x": 16.270221710205078,
  "y": 7.313319683074951,
  "z": 0.0,
  "qx": 0.0,
  "qy": 0.0,
  "qz": -0.9405657362818367,
  "qw": 0.3396116837398361
}