{
  "SPL": 0.8418142683723687,
  "shortest_path_length": 13.671935351976101,
  "actual_path_length": 16.241035422707338
}