{
  "SPL": 0.403867893821372,
  "shortest_path_length": 1.3430676916687034,
  "actual_path_length": 3.3255124069424866
}