{
  "SPL": 0.9311188990047085,
  "shortest_path_length": 9.543133115461806,
  "actual_path_length": 10.24910258578432
}