{
  "SR": 1.0,
  "confidence_total": 0.9249640107154846,
  "confidence_detection": 0.9025083780288696,
  "confidence_vlm": 0.18795032799243927,
  "confidence_memory": 0.05219391733407974
}