{
  "SR": 1.0,
  "confidence_total": 0.9433746933937073,
  "confidence_detection": 0.9360173344612122,
  "confidence_vlm": 0.1149900034070015,
  "confidence_memory": 0.0
}