{
  "x": -2.9710171222686768,
  "y": 8.989482879638672,
  "z": 0.0,
  "qx": 0.0,
  "qy": 0.0,
  "qz": 0.43489155484380104,
  "qw": 0.900482834664571
}