{
  "SPL": 0.7520905300655567,
  "shortest_path_length": 6.202125635919652,
  "actual_path_length": 8.246514731915369
}