{
  "SPL": 0.8164172391372054,
  "shortest_path_length": 3.5997638072641487,
  "actual_path_length": 4.4092207203615645
}