{
  "SPL": 1.0,
  "shortest_path_length": 6.7870896296901195,
  "actual_path_length": 2.7213607985868324
}