{
  "SPL": 0.9779047550787694,
  "shortest_path_length": 9.801321881313767,
  "actual_path_length": 10.022777607338947
}