{
  "SR": 1.0,
  "confidence_total": 0.9503085017204285,
  "confidence_detection": 0.9329155683517456,
  "confidence_vlm": 0.15942536294460297,
  "confidence_memory": 0.11878059804439545
}