{
  "SR": 1.0,
  "confidence_total": 0.8945657014846802,
  "confidence_detection": 0.8626378774642944,
  "confidence_vlm": 0.18846964836120605,
  "confidence_memory": 0.05417651683092117
}