{
  "SPL": 0.7257857023231767,
  "shortest_path_length": 33.69973549830579,
  "actual_path_length": 46.43207408252309
}