{
  "SPL": 1.0,
  "shortest_path_length": 23.64704422746245,
  "actual_path_length": 23.55557261040553
}