{
  "SPL": 0.7780446585451091,
  "shortest_path_length": 33.69973549830579,
  "actual_path_length": 43.313369134005775
}