{
  "SPL": 1.0,
  "shortest_path_length": 26.22374561355973,
  "actual_path_length": 0.05698754635627554
}