{
  "SPL": 0.4393863957984756,
  "shortest_path_length": 16.226071442338206,
  "actual_path_length": 36.928934526639935
}