{
  "SPL": 0.4666145168384288,
  "shortest_path_length": 11.125093468830524,
  "actual_path_length": 23.842150356163756
}