{
  "SR": 1.0,
  "confidence_total": 0.9003009796142578,
  "confidence_detection": 0.8903409242630005,
  "confidence_vlm": 0.0,
  "confidence_memory": 0.09082721918821335
}