{
  "SR": 1.0,
  "confidence_total": 0.8070647716522217,
  "confidence_detection": 0.7461348176002502,
  "confidence_vlm": 0.24000905454158783,
  "confidence_memory": 0.0
}