{
  "SPL": 1.0,
  "shortest_path_length": 5.881437023404277,
  "actual_path_length": 4.664145937368427
}