{
  "SPL": 0.3675689041957707,
  "shortest_path_length": 3.0084960917891523,
  "actual_path_length": 8.184849309741388
}