{
  "SR": 1.0,
  "confidence_total": 0.8340157270431519,
  "confidence_detection": 0.6773428320884705,
  "confidence_vlm": 0.2651011049747467,
  "confidence_memory": 0.30000001192092896
}