{
  "SPL": 0.0,
  "shortest_path_length": 1.0719025179429904,
  "actual_path_length": 8.385089478494237
}