{
  "x": 0.03179585933685303,
  "y": -0.007308021187782288,
  "z": 0.0,
  "qx": 0.0,
  "qy": 0.0,
  "qz": -0.002249756293599046,
  "qw": 0.9999974692951075
}