{
  "x": -0.018810629844665527,
  "y": -0.005744516849517822,
  "z": 0.0,
  "qx": 0.0,
  "qy": 0.0,
  "qz": 0.0059782637196547075,
  "qw": 0.999982130021781
}