{
  "x": 0.282321035861969,
  "y": 0.013932108879089355,
  "z": 0.0,
  "qx": 0.0,
  "qy": 0.0,
  "qz": -0.024263687638240494,
  "qw": 0.999705593393472
}