{
  "SPL": 1.0,
  "shortest_path_length": 3.4625973004259496,
  "actual_path_length": 2.4445457619161943
}