{
  "SPL": 0.3662320572674854,
  "shortest_path_length": 12.905986778252988,
  "actual_path_length": 35.23991557305652
}