{
  "SR": 1.0,
  "confidence_total": 0.8434942960739136,
  "confidence_detection": 0.8323695063591003,
  "confidence_vlm": 0.0,
  "confidence_memory": 0.06636491417884827
}