{
  "SPL": 1.0,
  "shortest_path_length": 25.804940822551,
  "actual_path_length": 16.83800845388537
}