{
  "SR": 1.0,
  "confidence_total": 0.88572758436203,
  "confidence_detection": 0.88572758436203,
  "confidence_vlm": 0.0,
  "confidence_memory": 0.0
}