{
  "SPL": 0.7112979790464055,
  "shortest_path_length": 33.69973549830579,
  "actual_path_length": 47.37780296168563
}