{
  "SPL": 0.3856286852640957,
  "shortest_path_length": 13.473644326650248,
  "actual_path_length": 34.93942448140987
}