{
  "SPL": 0.9461135265559766,
  "shortest_path_length": 6.202125635919652,
  "actual_path_length": 6.555371487496331
}