{
  "SPL": 0.9473871604702577,
  "shortest_path_length": 6.202125635919652,
  "actual_path_length": 6.546558677068288
}