{
  "SPL": 1.0,
  "shortest_path_length": 33.70032709697106,
  "actual_path_length": 32.59191054687461
}