{
  "SPL": 0.9671547768457777,
  "shortest_path_length": 33.70032709697106,
  "actual_path_length": 34.844812747427405
}