{
  "SR": 1.0,
  "confidence_total": 0.8134883046150208,
  "confidence_detection": 0.7539591193199158,
  "confidence_vlm": 0.18567276000976562,
  "confidence_memory": 0.06910694390535355
}