{
  "SR": 1.0,
  "confidence_total": 0.9219328165054321,
  "confidence_detection": 0.9194415807723999,
  "confidence_vlm": 0.030924923717975616,
  "confidence_memory": 0.0
}