{
  "SPL": 0.10173880205124175,
  "shortest_path_length": 1.9328836563765062,
  "actual_path_length": 18.998490422592063
}