{
  "SPL": 0.3760541133521977,
  "shortest_path_length": 11.101297193665951,
  "actual_path_length": 29.52047803627907
}