{
  "SR": 1.0,
  "confidence_total": 0.8567216396331787,
  "confidence_detection": 0.7752184867858887,
  "confidence_vlm": 0.2921207547187805,
  "confidence_memory": 0.099547378718853
}