{
  "SR": 1.0,
  "confidence_total": 0.8050863742828369,
  "confidence_detection": 0.8050769567489624,
  "confidence_vlm": 4.819377136300318e-05,
  "confidence_memory": 0.0
}