{
  "x": -0.028555631637573242,
  "y": -0.019225120544433594,
  "z": 0.0,
  "qx": 0.0,
  "qy": 0.0,
  "qz": 0.005105948359307128,
  "qw": 0.9999869645607147
}