{
  "chair": {
    "SR": 1.0,
    "SPL": 0.9821647001208237,
    "shortest_path_length": 6.206103001850533,
    "actual_path_length": 6.318800707342742
  },
  "bed": {
    "SR": 1.0,
    "SPL": 0.8706246883707074,
    "shortest_path_length": 7.96530193333418,
    "actual_path_length": 9.148950218997921
  },
  "table": {
    "SR": 0.0,
    "SPL": 0.0,
    "shortest_path_length": 4.527240852022668,
    "actual_path_length": 35.21246646704438
  },
  "sofa": {
    "SR": 0.0,
    "SPL": 0.0,
    "shortest_path_length": 5.385732317467087,
    "actual_path_length": 40.96599020877657
  },
  "tv": {
    "SR": 1.0,
    "SPL": 0.9385808424845182,
    "shortest_path_length": 23.717231623050168,
    "actual_path_length": 25.26924751656795
  }
}