{
  "bed": {
    "SR": 1.0,
    "SPL": 1.0,
    "shortest_path_length": 3.2200988123713326,
    "actual_path_length": 1.498447513434351
  },
  "chair": {
    "SR": 0.0,
    "SPL": 0.0,
    "shortest_path_length": 7.174960868370318,
    "actual_path_length": 17.24720743653267
  },
  "table": {
    "SR": 0.0,
    "SPL": 0.0,
    "shortest_path_length": 7.843390218185578,
    "actual_path_length": 15.386367577212527
  },
  "sofa": {
    "SR": 0.0,
    "SPL": 0.0,
    "shortest_path_length": 5.805061050442016,
    "actual_path_length": 3.7687450339335595
  },
  "tv": {
    "SR": 0.0,
    "SPL": 0.0,
    "shortest_path_length": 25.606838718968714,
    "actual_path_length": 16.079114165701835
  }
}