{
  "x": -7.2501726150512695,
  "y": -3.0042061805725098,
  "z": 0.0,
  "qx": 0.0,
  "qy": 0.0,
  "qz": 0.8595973074602051,
  "qw": 0.5109720824146516
}