{
  "SPL": 0.5763298177824915,
  "shortest_path_length": 10.800971165001917,
  "actual_path_length": 18.740954973595056
}