{
  "SPL": 0.9008165567277809,
  "shortest_path_length": 14.599238820140114,
  "actual_path_length": 16.206672391959465
}