{
  "SR": 1.0,
  "confidence_total": 0.8339146375656128,
  "confidence_detection": 0.6976483464241028,
  "confidence_vlm": 0.2152685970067978,
  "confidence_memory": 0.30000001192092896
}