{
  "x": -0.2124323546886444,
  "y": -0.18516916036605835,
  "z": 0.0,
  "qx": 0.0,
  "qy": 0.0,
  "qz": 0.019515645782377317,
  "qw": 0.9998095516495613
}