{
  "x": 0.16339972615242004,
  "y": -0.31727713346481323,
  "z": 0.0,
  "qx": 0.0,
  "qy": 0.0,
  "qz": -0.013735754228188462,
  "qw": 0.999905660077881
}