{
  "x": 15.784571647644043,
  "y": 7.630761623382568,
  "z": 0.0,
  "qx": 0.0,
  "qy": 0.0,
  "qz": -0.9379923633036058,
  "qw": 0.3466559192976754
}