{
  "SPL": 0.1119093395028475,
  "shortest_path_length": 3.844484693188742,
  "actual_path_length": 34.35356432508406
}