{
  "SR": 1.0,
  "confidence_total": 0.9320782423019409,
  "confidence_detection": 0.9234444499015808,
  "confidence_vlm": 0.06839100271463394,
  "confidence_memory": 0.047645967453718185
}