{
  "SPL": 0.9826456943704115,
  "shortest_path_length": 7.76760718009801,
  "actual_path_length": 7.904789309716332
}