{
  "SPL": 1.0,
  "shortest_path_length": 3.05998030873115,
  "actual_path_length": 0.30683540931797315
}