{
  "SR": 1.0,
  "confidence_total": 0.963566243648529,
  "confidence_detection": 0.9418987035751343,
  "confidence_vlm": 0.2779788672924042,
  "confidence_memory": 0.13150304555892944
}