{
  "SPL": 0.0,
  "shortest_path_length": 0.8701217825274616,
  "actual_path_length": 36.49242052689357
}