{
  "SPL": 0.2774389174059895,
  "shortest_path_length": 2.662568424284011,
  "actual_path_length": 9.596953625607428
}