{
  "SPL": 0.17235962768868898,
  "shortest_path_length": 2.7386661235090157,
  "actual_path_length": 15.889255275345082
}