{
  "SPL": 0.6145371987717683,
  "shortest_path_length": 9.260419758087902,
  "actual_path_length": 15.068932810895816
}