{
  "SPL": 1.0,
  "shortest_path_length": 4.887886323997648,
  "actual_path_length": 2.3300469485736754
}