{
  "SPL": 0.6993988574164244,
  "shortest_path_length": 11.399938326285646,
  "actual_path_length": 16.299623891861874
}