{
  "SR": 1.0,
  "confidence_total": 0.8494067788124084,
  "confidence_detection": 0.8494067788124084,
  "confidence_vlm": 0.0,
  "confidence_memory": 0.0
}