{
  "SR": 1.0,
  "confidence_total": 0.9101130366325378,
  "confidence_detection": 0.8981512784957886,
  "confidence_vlm": 0.0,
  "confidence_memory": 0.1174461841583252
}