{
  "SPL": 0.9097944397108036,
  "shortest_path_length": 7.943548810303531,
  "actual_path_length": 8.73114679930177
}