{
  "SPL": 0.5303297165595624,
  "shortest_path_length": 6.308654950379116,
  "actual_path_length": 11.895722139248777
}