{
  "SPL": 0.9859937035139129,
  "shortest_path_length": 6.2900867310161255,
  "actual_path_length": 6.379439045705193
}