{
  "SPL": 0.0,
  "shortest_path_length": 3.537509236847261,
  "actual_path_length": 27.056153287546376
}