{
  "bed": {
    "SR": 1.0,
    "SPL": 0.9671547768457777,
    "shortest_path_length": 33.70032709697106,
    "actual_path_length": 34.844812747427405
  },
  "oven": {
    "SR": 1.0,
    "SPL": 1.0,
    "shortest_path_length": 4.887886323997648,
    "actual_path_length": 2.3300469485736754
  },
  "chair": {
    "SR": 1.0,
    "SPL": 0.10173880205124175,
    "shortest_path_length": 1.9328836563765062,
    "actual_path_length": 18.998490422592063
  },
  "sofa": {
    "SR": 1.0,
    "SPL": 0.403867893821372,
    "shortest_path_length": 1.3430676916687034,
    "actual_path_length": 3.3255124069424866
  },
  "refrigerator": {
    "SR": 1.0,
    "SPL": 1.0,
    "shortest_path_length": 7.370145344983255,
    "actual_path_length": 3.7004548093826664
  }
}