{
  "SPL": 1.0,
  "shortest_path_length": 5.703791781136111,
  "actual_path_length": 2.980120322120995
}