{
  "SPL": 0.7440189558353318,
  "shortest_path_length": 9.278348089599488,
  "actual_path_length": 12.47058024104025
}