{
  "SR": 1.0,
  "confidence_total": 0.8840606212615967,
  "confidence_detection": 0.8603248596191406,
  "confidence_vlm": 0.14352291822433472,
  "confidence_memory": 0.030838534235954285
}