{
  "SPL": 0.27922020289417443,
  "shortest_path_length": 23.43875436245543,
  "actual_path_length": 83.94361912035001
}