{
  "SR": 1.0,
  "confidence_total": 0.9774762988090515,
  "confidence_detection": 0.9702377915382385,
  "confidence_vlm": 0.24321249127388,
  "confidence_memory": 0.0
}