{
  "SPL": 1.0,
  "shortest_path_length": 10.361829927253462,
  "actual_path_length": 6.795728709641184
}