{
  "SPL": 1.0,
  "shortest_path_length": 6.605737055813737,
  "actual_path_length": 2.2106864471781074
}