{
  "SR": 1.0,
  "confidence_total": 0.939929723739624,
  "confidence_detection": 0.9377329349517822,
  "confidence_vlm": 0.0,
  "confidence_memory": 0.03528096154332161,
  "detection_threshold": 0.8
}