{
  "SR": 1.0,
  "confidence_total": 0.9172282814979553,
  "confidence_detection": 0.9116297364234924,
  "confidence_vlm": 0.0,
  "confidence_memory": 0.06335307657718658
}