{
  "x": -0.004637479782104492,
  "y": 0.14306232333183289,
  "z": 0.0,
  "qx": 0.0,
  "qy": 0.0,
  "qz": -0.012886940032388541,
  "qw": 0.999916959940475
}