{
  "SPL": 1.0,
  "shortest_path_length": 10.262963481993317,
  "actual_path_length": 8.801636010004847
}