{
  "SPL": 1.0,
  "shortest_path_length": 7.370145344983255,
  "actual_path_length": 3.7004548093826664
}