{
  "SR": 1.0,
  "confidence_total": 0.9118291735649109,
  "confidence_detection": 0.8569273948669434,
  "confidence_vlm": 0.3184129595756531,
  "confidence_memory": 0.09583615511655807
}