{
  "SR": 1.0,
  "confidence_total": 0.9301018118858337,
  "confidence_detection": 0.8964349627494812,
  "confidence_vlm": 0.32507967948913574,
  "confidence_memory": 0.0
}